{
  "width": 640,
  "height": 360,
  "fps": 30,
  "main": "./script/aez_bundle_main.js",
  "assets": {
    "img_numbers_n": {
      "type": "image",
      "width": 364,
      "height": 64,
      "path": "files/3dcf3291221e5531e18c.png",
      "virtualPath": "image/img_numbers_n.png",
      "hint": {
        "untainted": true
      }
    },
    "img_numbers_n_red": {
      "type": "image",
      "width": 364,
      "height": 32,
      "path": "files/0cbe6151ef7466d9d419.png",
      "virtualPath": "image/img_numbers_n_red.png",
      "hint": {
        "untainted": true
      }
    },
    "test": {
      "type": "text",
      "path": "files/13f8483e8e0aa4660e8e.json",
      "virtualPath": "text/test.json"
    },
    "bgm": {
      "type": "audio",
      "path": "files/6e6ed82de3ca7cdfa409",
      "systemId": "music",
      "duration": 58656,
      "virtualPath": "audio/bgm"
    },
    "se_start": {
      "type": "audio",
      "path": "files/9a33ab5f9c9b2521552d",
      "systemId": "sound",
      "duration": 1701,
      "virtualPath": "audio/se_start"
    },
    "se_timeup": {
      "type": "audio",
      "path": "files/3cd7bec6fc575a6d73a7",
      "systemId": "sound",
      "duration": 1080,
      "virtualPath": "audio/se_timeup"
    },
    "time": {
      "type": "image",
      "width": 38,
      "height": 38,
      "path": "files/834f6f7b833bbd30f0bc.png",
      "virtualPath": "image/time.png",
      "hint": {
        "untainted": true
      }
    },
    "finish": {
      "type": "image",
      "width": 360,
      "height": 150,
      "path": "files/2ff0304073c2deea7fdc.png",
      "virtualPath": "image/finish.png",
      "hint": {
        "untainted": true
      }
    },
    "start": {
      "type": "image",
      "width": 500,
      "height": 150,
      "path": "files/fad71188a75b7f48f032.png",
      "virtualPath": "image/start.png",
      "hint": {
        "untainted": true
      }
    },
    "title": {
      "type": "image",
      "width": 500,
      "height": 360,
      "path": "files/6a2fc763d1ca590c49f9.png",
      "virtualPath": "image/title.png",
      "hint": {
        "untainted": true
      }
    },
    "score": {
      "type": "image",
      "width": 100,
      "height": 96,
      "path": "files/d62e2baecca743ff7361.png",
      "virtualPath": "image/score.png",
      "hint": {
        "untainted": true
      }
    },
    "glyph28": {
      "type": "text",
      "path": "files/1f8987b04c636ad42575.json",
      "virtualPath": "text/glyph28.json"
    },
    "glyph32_yellow": {
      "type": "text",
      "path": "files/39603f1b2f1746325b96.json",
      "virtualPath": "text/glyph32_yellow.json"
    },
    "glyph72": {
      "type": "text",
      "path": "files/b3f1905bacd20ca03885.json",
      "virtualPath": "text/glyph72.json"
    },
    "number_b": {
      "type": "image",
      "width": 936,
      "height": 84,
      "path": "files/4abd2422b3d707db03c5.png",
      "virtualPath": "image/number_b.png",
      "hint": {
        "untainted": true
      }
    },
    "number_p": {
      "type": "image",
      "width": 936,
      "height": 84,
      "path": "files/91ec5d16fbb7afb32288.png",
      "virtualPath": "image/number_p.png",
      "hint": {
        "untainted": true
      }
    },
    "number_w": {
      "type": "image",
      "width": 1080,
      "height": 168,
      "path": "files/212e28f69c2a35a01dcf.png",
      "virtualPath": "image/number_w.png",
      "hint": {
        "untainted": true
      }
    },
    "config": {
      "type": "image",
      "width": 40,
      "height": 40,
      "path": "files/b681666f5fdad6ee2c15.png",
      "virtualPath": "image/config.png",
      "hint": {
        "untainted": true
      }
    },
    "volume": {
      "type": "image",
      "width": 64,
      "height": 32,
      "path": "files/c3535e86e9f2a5fb8e9b.png",
      "virtualPath": "image/volume.png",
      "hint": {
        "untainted": true
      }
    },
    "se_move": {
      "type": "audio",
      "path": "files/105078447221bd04ffe3",
      "systemId": "sound",
      "duration": 105,
      "virtualPath": "audio/se_move"
    },
    "se_miss": {
      "type": "audio",
      "path": "files/7673b4c12204268afb43",
      "systemId": "sound",
      "duration": 360,
      "virtualPath": "audio/se_miss"
    },
    "biri": {
      "type": "audio",
      "path": "files/6c02b9521d4d2fc2065f",
      "systemId": "sound",
      "duration": 2064,
      "virtualPath": "audio/biri"
    },
    "panel": {
      "type": "image",
      "width": 160,
      "height": 160,
      "path": "files/d0fcedb1ade31a01133a.png",
      "virtualPath": "image/panel.png",
      "hint": {
        "untainted": true
      }
    },
    "number_y": {
      "type": "image",
      "width": 1080,
      "height": 84,
      "path": "files/ef64700a058923b1b6ae.png",
      "virtualPath": "image/number_y.png",
      "hint": {
        "untainted": true
      }
    },
    "map": {
      "type": "image",
      "width": 80,
      "height": 80,
      "path": "files/0c145d36d9aa83fc016e.png",
      "virtualPath": "image/map.png",
      "hint": {
        "untainted": true
      }
    },
    "waku": {
      "type": "image",
      "width": 340,
      "height": 340,
      "path": "files/f5ab906c90aa0c8d5dc4.png",
      "virtualPath": "image/waku.png",
      "hint": {
        "untainted": true
      }
    },
    "cursor": {
      "type": "image",
      "width": 90,
      "height": 90,
      "path": "files/26be325d1dc4875d958c.png",
      "virtualPath": "image/cursor.png",
      "hint": {
        "untainted": true
      }
    },
    "combo": {
      "type": "image",
      "width": 108,
      "height": 120,
      "path": "files/ac6688cd93b50da0a217.png",
      "virtualPath": "image/combo.png",
      "hint": {
        "untainted": true
      }
    },
    "number_k": {
      "type": "image",
      "width": 936,
      "height": 84,
      "path": "files/b2b4b08e85638b522567.png",
      "virtualPath": "image/number_k.png",
      "hint": {
        "untainted": true
      }
    },
    "keep": {
      "type": "image",
      "width": 80,
      "height": 40,
      "path": "files/db8fb4f2fff7eb151ead.png",
      "virtualPath": "image/keep.png",
      "hint": {
        "untainted": true
      }
    },
    "se_hit": {
      "type": "audio",
      "path": "files/94fa75b22a9072e4a9a7",
      "systemId": "sound",
      "duration": 1444,
      "virtualPath": "audio/se_hit"
    },
    "aez_bundle_main": {
      "type": "script",
      "global": true,
      "path": "files/f086925699839f7a9594.js",
      "virtualPath": "script/aez_bundle_main.js"
    }
  },
  "environment": {
    "sandbox-runtime": "2",
    "niconico": {
      "supportedModes": [
        "single",
        "ranking"
      ],
      "preferredSessionParameters": {
        "totalTimeLimit": 100
      }
    },
    "external": {
      "send": "0"
    },
    "akashic-runtime": {
      "version": "~2.1.37",
      "flavor": "-canvas"
    }
  },
  "globalScripts": [],
  "moduleMainScripts": {
    "@akashic-extension/akashic-timeline": "node_modules/@akashic-extension/akashic-timeline/lib/index.js"
  },
  "exportZipInfo": {
    "version": "0.6.4",
    "option": {
      "force": true,
      "strip": true,
      "minify": false,
      "bundle": true,
      "babel": true,
      "omitEmptyJs": true
    }
  }
}